{"cameraMode":{"drawMode":0,"name":"Shaded","section":"Shading Mode"},"sceneLighting":true,"audioPlay":false,"sceneViewState":{"m_AlwaysRefresh":false,"showFog":true,"showSkybox":true,"showFlares":true,"showImageEffects":true,"showParticleSystems":true,"showVisualEffectGraphs":true,"m_FxEnabled":true},"in2DMode":false,"pivot":{"x":243.4294891357422,"y":0.0456685908138752,"z":95.58682250976563},"rotation":{"x":-0.027112634852528573,"y":-0.9497288465499878,"z":0.08604253083467484,"w":-0.30066296458244326},"size":0.31177249550819399,"orthographic":false}