{"cameraMode":{"drawMode":0,"name":"Shaded","section":"Shading Mode"},"sceneLighting":true,"audioPlay":false,"sceneViewState":{"m_AlwaysRefresh":false,"showFog":true,"showSkybox":true,"showFlares":true,"showImageEffects":true,"showParticleSystems":true,"showVisualEffectGraphs":true,"m_FxEnabled":true},"in2DMode":false,"pivot":{"x":107.8158187866211,"y":2.5696868896484377,"z":92.05432891845703},"rotation":{"x":0.23421841859817506,"y":0.20150494575500489,"z":-0.05012472718954086,"w":0.9500095844268799},"size":13.192442893981934,"orthographic":false}